<?xml version="1.0" encoding="UTF-8"?>
<GenRun Id="impl_1" LaunchPart="xc7a35tcpg236-1" LaunchTime="1712959137">
  <File Type="ROUTE-PWR" Name="contador_10bits_divisor_2hz_power_routed.rpt"/>
  <File Type="PA-TCL" Name="contador_10bits_divisor_2hz.tcl"/>
  <File Type="ROUTE-PWR-SUM" Name="contador_10bits_divisor_2hz_power_summary_routed.pb"/>
  <File Type="REPORTS-TCL" Name="contador_10bits_divisor_2hz_reports.tcl"/>
  <File Type="OPT-RQA-PB" Name="contador_10bits_divisor_2hz_rqa_opted.pb"/>
  <File Type="BITSTR-MMI" Name="contador_10bits_divisor_2hz.mmi"/>
  <File Type="OPT-METHODOLOGY-DRC" Name="contador_10bits_divisor_2hz_methodology_drc_opted.rpt"/>
  <File Type="INIT-TIMING" Name="contador_10bits_divisor_2hz_timing_summary_init.rpt"/>
  <File Type="OPT-TIMING" Name="contador_10bits_divisor_2hz_timing_summary_opted.rpt"/>
  <File Type="OPT-DCP" Name="contador_10bits_divisor_2hz_opt.dcp"/>
  <File Type="OPT-DRC" Name="contador_10bits_divisor_2hz_drc_opted.rpt"/>
  <File Type="OPT-HWDEF" Name="contador_10bits_divisor_2hz.hwdef"/>
  <File Type="PWROPT-DCP" Name="contador_10bits_divisor_2hz_pwropt.dcp"/>
  <File Type="PWROPT-DRC" Name="contador_10bits_divisor_2hz_drc_pwropted.rpt"/>
  <File Type="PWROPT-TIMING" Name="contador_10bits_divisor_2hz_timing_summary_pwropted.rpt"/>
  <File Type="PLACE-DCP" Name="contador_10bits_divisor_2hz_placed.dcp"/>
  <File Type="PLACE-IO" Name="contador_10bits_divisor_2hz_io_placed.rpt"/>
  <File Type="PLACE-CLK" Name="contador_10bits_divisor_2hz_clock_utilization_placed.rpt"/>
  <File Type="PLACE-UTIL" Name="contador_10bits_divisor_2hz_utilization_placed.rpt"/>
  <File Type="PLACE-UTIL-PB" Name="contador_10bits_divisor_2hz_utilization_placed.pb"/>
  <File Type="PLACE-CTRL" Name="contador_10bits_divisor_2hz_control_sets_placed.rpt"/>
  <File Type="PLACE-SIMILARITY" Name="contador_10bits_divisor_2hz_incremental_reuse_placed.rpt"/>
  <File Type="PLACE-PRE-SIMILARITY" Name="contador_10bits_divisor_2hz_incremental_reuse_pre_placed.rpt"/>
  <File Type="BG-BIN" Name="contador_10bits_divisor_2hz.bin"/>
  <File Type="PLACE-TIMING" Name="contador_10bits_divisor_2hz_timing_summary_placed.rpt"/>
  <File Type="ROUTE-PWR-RPX" Name="contador_10bits_divisor_2hz_power_routed.rpx"/>
  <File Type="PLACE-RQA-PB" Name="contador_10bits_divisor_2hz_rqa_placed.pb"/>
  <File Type="POSTPLACE-PWROPT-DCP" Name="contador_10bits_divisor_2hz_postplace_pwropt.dcp"/>
  <File Type="BITSTR-MSK" Name="contador_10bits_divisor_2hz.msk"/>
  <File Type="POSTPLACE-PWROPT-TIMING" Name="contador_10bits_divisor_2hz_timing_summary_postplace_pwropted.rpt"/>
  <File Type="PHYSOPT-DCP" Name="contador_10bits_divisor_2hz_physopt.dcp"/>
  <File Type="PHYSOPT-DRC" Name="contador_10bits_divisor_2hz_drc_physopted.rpt"/>
  <File Type="BITSTR-RBT" Name="contador_10bits_divisor_2hz.rbt"/>
  <File Type="PHYSOPT-TIMING" Name="contador_10bits_divisor_2hz_timing_summary_physopted.rpt"/>
  <File Type="ROUTE-ERROR-DCP" Name="contador_10bits_divisor_2hz_routed_error.dcp"/>
  <File Type="ROUTE-DCP" Name="contador_10bits_divisor_2hz_routed.dcp"/>
  <File Type="ROUTE-BLACKBOX-DCP" Name="contador_10bits_divisor_2hz_routed_bb.dcp"/>
  <File Type="ROUTE-DRC" Name="contador_10bits_divisor_2hz_drc_routed.rpt"/>
  <File Type="ROUTE-DRC-PB" Name="contador_10bits_divisor_2hz_drc_routed.pb"/>
  <File Type="ROUTE-DRC-RPX" Name="contador_10bits_divisor_2hz_drc_routed.rpx"/>
  <File Type="ROUTE-METHODOLOGY-DRC" Name="contador_10bits_divisor_2hz_methodology_drc_routed.rpt"/>
  <File Type="ROUTE-METHODOLOGY-DRC-RPX" Name="contador_10bits_divisor_2hz_methodology_drc_routed.rpx"/>
  <File Type="ROUTE-METHODOLOGY-DRC-PB" Name="contador_10bits_divisor_2hz_methodology_drc_routed.pb"/>
  <File Type="ROUTE-RQS-PB" Name="contador_10bits_divisor_2hz_rqs_routed.pb"/>
  <File Type="ROUTE-STATUS" Name="contador_10bits_divisor_2hz_route_status.rpt"/>
  <File Type="ROUTE-STATUS-PB" Name="contador_10bits_divisor_2hz_route_status.pb"/>
  <File Type="ROUTE-TIMINGSUMMARY" Name="contador_10bits_divisor_2hz_timing_summary_routed.rpt"/>
  <File Type="ROUTE-TIMING-PB" Name="contador_10bits_divisor_2hz_timing_summary_routed.pb"/>
  <File Type="ROUTE-TIMING-RPX" Name="contador_10bits_divisor_2hz_timing_summary_routed.rpx"/>
  <File Type="ROUTE-SIMILARITY" Name="contador_10bits_divisor_2hz_incremental_reuse_routed.rpt"/>
  <File Type="ROUTE-CLK" Name="contador_10bits_divisor_2hz_clock_utilization_routed.rpt"/>
  <File Type="ROUTE-BUS-SKEW" Name="contador_10bits_divisor_2hz_bus_skew_routed.rpt"/>
  <File Type="ROUTE-BUS-SKEW-PB" Name="contador_10bits_divisor_2hz_bus_skew_routed.pb"/>
  <File Type="ROUTE-BUS-SKEW-RPX" Name="contador_10bits_divisor_2hz_bus_skew_routed.rpx"/>
  <File Type="POSTROUTE-PHYSOPT-DCP" Name="contador_10bits_divisor_2hz_postroute_physopt.dcp"/>
  <File Type="POSTROUTE-PHYSOPT-BLACKBOX-DCP" Name="contador_10bits_divisor_2hz_postroute_physopt_bb.dcp"/>
  <File Type="POSTROUTE-PHYSOPT-TIMING" Name="contador_10bits_divisor_2hz_timing_summary_postroute_physopted.rpt"/>
  <File Type="POSTROUTE-PHYSOPT-TIMING-PB" Name="contador_10bits_divisor_2hz_timing_summary_postroute_physopted.pb"/>
  <File Type="POSTROUTE-PHYSOPT-TIMING-RPX" Name="contador_10bits_divisor_2hz_timing_summary_postroute_physopted.rpx"/>
  <File Type="POSTROUTE-PHYSOPT-BUS-SKEW" Name="contador_10bits_divisor_2hz_bus_skew_postroute_physopted.rpt"/>
  <File Type="BG-BIT" Name="contador_10bits_divisor_2hz.bit"/>
  <File Type="POSTROUTE-PHYSOPT-BUS-SKEW-PB" Name="contador_10bits_divisor_2hz_bus_skew_postroute_physopted.pb"/>
  <File Type="POSTROUTE-PHYSOPT-BUS-SKEW-RPX" Name="contador_10bits_divisor_2hz_bus_skew_postroute_physopted.rpx"/>
  <File Type="BITSTR-NKY" Name="contador_10bits_divisor_2hz.nky"/>
  <File Type="BITSTR-BMM" Name="contador_10bits_divisor_2hz_bd.bmm"/>
  <File Type="PDI-FILE" Name="contador_10bits_divisor_2hz.pdi"/>
  <File Type="BOOT-PDI-FILE" Name="contador_10bits_divisor_2hz_boot.pdi"/>
  <File Type="PL-PDI-FILE" Name="contador_10bits_divisor_2hz_pld.pdi"/>
  <File Type="RCFI_FILE" Name="contador_10bits_divisor_2hz.rcfi"/>
  <File Type="CFI_FILE" Name="contador_10bits_divisor_2hz.cfi"/>
  <File Type="RNPI_FILE" Name="contador_10bits_divisor_2hz.rnpi"/>
  <File Type="NPI_FILE" Name="contador_10bits_divisor_2hz.npi"/>
  <File Type="RBD_FILE" Name="contador_10bits_divisor_2hz.rbd"/>
  <File Type="BITSTR-LTX" Name="debug_nets.ltx"/>
  <File Type="BITSTR-LTX" Name="contador_10bits_divisor_2hz.ltx"/>
  <File Type="BITSTR-SYSDEF" Name="contador_10bits_divisor_2hz.sysdef"/>
  <File Type="BG-BGN" Name="contador_10bits_divisor_2hz.bgn"/>
  <File Type="BG-DRC" Name="contador_10bits_divisor_2hz.drc"/>
  <File Type="RDI-RDI" Name="contador_10bits_divisor_2hz.vdi"/>
  <File Type="WBT-USG" Name="usage_statistics_webtalk.html"/>
  <File Type="ROUTE-RQS" Name="contador_10bits_divisor_2hz_routed.rqs"/>
  <File Type="POSTROUTE-PHYSOPT-RQS" Name="contador_10bits_divisor_2hz_postroute_physopted.rqs"/>
  <File Type="ROUTE-RQS-RPT" Name="route_report_qor_suggestions_0.rpt"/>
  <File Type="POSTROUTE-PHYSOPT-RQS-RPT" Name="postroute_physopt_report_qor_suggestions_0.rpt"/>
  <FileSet Name="sources" Type="DesignSrcs" RelSrcDir="$PSRCDIR/sources_1" RelGenDir="$PGENDIR/sources_1">
    <Filter Type="Srcs"/>
    <File Path="$PSRCDIR/sources_1/new/codigo.vhd">
      <FileInfo>
        <Attr Name="UsedIn" Val="synthesis"/>
        <Attr Name="UsedIn" Val="simulation"/>
      </FileInfo>
    </File>
    <Config>
      <Option Name="DesignMode" Val="RTL"/>
      <Option Name="TopModule" Val="contador_10bits_divisor_2hz"/>
      <Option Name="TopAutoSet" Val="TRUE"/>
    </Config>
  </FileSet>
  <FileSet Name="constrs_in" Type="Constrs" RelSrcDir="$PSRCDIR/constrs_1" RelGenDir="$PGENDIR/constrs_1">
    <Filter Type="Constrs"/>
    <File Path="$PSRCDIR/constrs_1/new/xdc.xdc">
      <FileInfo>
        <Attr Name="UsedIn" Val="synthesis"/>
        <Attr Name="UsedIn" Val="implementation"/>
      </FileInfo>
    </File>
    <Config>
      <Option Name="ConstrsType" Val="XDC"/>
    </Config>
  </FileSet>
  <FileSet Name="utils" Type="Utils" RelSrcDir="$PSRCDIR/utils_1" RelGenDir="$PGENDIR/utils_1">
    <Filter Type="Utils"/>
    <Config>
      <Option Name="TopAutoSet" Val="TRUE"/>
    </Config>
  </FileSet>
  <Strategy Version="1" Minor="2">
    <StratHandle Name="Vivado Implementation Defaults" Flow="Vivado Implementation 2023">
      <Desc>Default settings for Implementation.</Desc>
    </StratHandle>
    <Step Id="init_design"/>
    <Step Id="opt_design"/>
    <Step Id="power_opt_design"/>
    <Step Id="place_design"/>
    <Step Id="post_place_power_opt_design"/>
    <Step Id="phys_opt_design"/>
    <Step Id="route_design"/>
    <Step Id="post_route_phys_opt_design"/>
    <Step Id="write_bitstream"/>
  </Strategy>
</GenRun>
