<?xml version="1.0" encoding="UTF-8"?>
<GenRun Id="impl_1" LaunchPart="xc7a35tcpg236-1" LaunchTime="1717728468">
  <File Type="ROUTE-PWR" Name="contador_multiples_power_routed.rpt"/>
  <File Type="PA-TCL" Name="contador_multiples.tcl"/>
  <File Type="ROUTE-PWR-SUM" Name="contador_multiples_power_summary_routed.pb"/>
  <File Type="REPORTS-TCL" Name="contador_multiples_reports.tcl"/>
  <File Type="OPT-RQA-PB" Name="contador_multiples_rqa_opted.pb"/>
  <File Type="BITSTR-MMI" Name="contador_multiples.mmi"/>
  <File Type="OPT-METHODOLOGY-DRC" Name="contador_multiples_methodology_drc_opted.rpt"/>
  <File Type="INIT-TIMING" Name="contador_multiples_timing_summary_init.rpt"/>
  <File Type="OPT-TIMING" Name="contador_multiples_timing_summary_opted.rpt"/>
  <File Type="OPT-DCP" Name="contador_multiples_opt.dcp"/>
  <File Type="OPT-DRC" Name="contador_multiples_drc_opted.rpt"/>
  <File Type="OPT-HWDEF" Name="contador_multiples.hwdef"/>
  <File Type="PWROPT-DCP" Name="contador_multiples_pwropt.dcp"/>
  <File Type="PWROPT-DRC" Name="contador_multiples_drc_pwropted.rpt"/>
  <File Type="PWROPT-TIMING" Name="contador_multiples_timing_summary_pwropted.rpt"/>
  <File Type="PLACE-DCP" Name="contador_multiples_placed.dcp"/>
  <File Type="PLACE-IO" Name="contador_multiples_io_placed.rpt"/>
  <File Type="PLACE-CLK" Name="contador_multiples_clock_utilization_placed.rpt"/>
  <File Type="PLACE-UTIL" Name="contador_multiples_utilization_placed.rpt"/>
  <File Type="PLACE-UTIL-PB" Name="contador_multiples_utilization_placed.pb"/>
  <File Type="PLACE-CTRL" Name="contador_multiples_control_sets_placed.rpt"/>
  <File Type="PLACE-SIMILARITY" Name="contador_multiples_incremental_reuse_placed.rpt"/>
  <File Type="PLACE-PRE-SIMILARITY" Name="contador_multiples_incremental_reuse_pre_placed.rpt"/>
  <File Type="BG-BIN" Name="contador_multiples.bin"/>
  <File Type="PLACE-TIMING" Name="contador_multiples_timing_summary_placed.rpt"/>
  <File Type="ROUTE-PWR-RPX" Name="contador_multiples_power_routed.rpx"/>
  <File Type="PLACE-RQA-PB" Name="contador_multiples_rqa_placed.pb"/>
  <File Type="POSTPLACE-PWROPT-DCP" Name="contador_multiples_postplace_pwropt.dcp"/>
  <File Type="BITSTR-MSK" Name="contador_multiples.msk"/>
  <File Type="POSTPLACE-PWROPT-TIMING" Name="contador_multiples_timing_summary_postplace_pwropted.rpt"/>
  <File Type="PHYSOPT-DCP" Name="contador_multiples_physopt.dcp"/>
  <File Type="PHYSOPT-DRC" Name="contador_multiples_drc_physopted.rpt"/>
  <File Type="BITSTR-RBT" Name="contador_multiples.rbt"/>
  <File Type="PHYSOPT-TIMING" Name="contador_multiples_timing_summary_physopted.rpt"/>
  <File Type="ROUTE-ERROR-DCP" Name="contador_multiples_routed_error.dcp"/>
  <File Type="ROUTE-DCP" Name="contador_multiples_routed.dcp"/>
  <File Type="ROUTE-BLACKBOX-DCP" Name="contador_multiples_routed_bb.dcp"/>
  <File Type="ROUTE-DRC" Name="contador_multiples_drc_routed.rpt"/>
  <File Type="ROUTE-DRC-PB" Name="contador_multiples_drc_routed.pb"/>
  <File Type="ROUTE-DRC-RPX" Name="contador_multiples_drc_routed.rpx"/>
  <File Type="ROUTE-METHODOLOGY-DRC" Name="contador_multiples_methodology_drc_routed.rpt"/>
  <File Type="ROUTE-METHODOLOGY-DRC-RPX" Name="contador_multiples_methodology_drc_routed.rpx"/>
  <File Type="ROUTE-METHODOLOGY-DRC-PB" Name="contador_multiples_methodology_drc_routed.pb"/>
  <File Type="ROUTE-RQS-PB" Name="contador_multiples_rqs_routed.pb"/>
  <File Type="ROUTE-STATUS" Name="contador_multiples_route_status.rpt"/>
  <File Type="ROUTE-STATUS-PB" Name="contador_multiples_route_status.pb"/>
  <File Type="ROUTE-TIMINGSUMMARY" Name="contador_multiples_timing_summary_routed.rpt"/>
  <File Type="ROUTE-TIMING-PB" Name="contador_multiples_timing_summary_routed.pb"/>
  <File Type="ROUTE-TIMING-RPX" Name="contador_multiples_timing_summary_routed.rpx"/>
  <File Type="ROUTE-SIMILARITY" Name="contador_multiples_incremental_reuse_routed.rpt"/>
  <File Type="ROUTE-CLK" Name="contador_multiples_clock_utilization_routed.rpt"/>
  <File Type="ROUTE-BUS-SKEW" Name="contador_multiples_bus_skew_routed.rpt"/>
  <File Type="ROUTE-BUS-SKEW-PB" Name="contador_multiples_bus_skew_routed.pb"/>
  <File Type="ROUTE-BUS-SKEW-RPX" Name="contador_multiples_bus_skew_routed.rpx"/>
  <File Type="POSTROUTE-PHYSOPT-DCP" Name="contador_multiples_postroute_physopt.dcp"/>
  <File Type="POSTROUTE-PHYSOPT-BLACKBOX-DCP" Name="contador_multiples_postroute_physopt_bb.dcp"/>
  <File Type="POSTROUTE-PHYSOPT-TIMING" Name="contador_multiples_timing_summary_postroute_physopted.rpt"/>
  <File Type="POSTROUTE-PHYSOPT-TIMING-PB" Name="contador_multiples_timing_summary_postroute_physopted.pb"/>
  <File Type="POSTROUTE-PHYSOPT-TIMING-RPX" Name="contador_multiples_timing_summary_postroute_physopted.rpx"/>
  <File Type="POSTROUTE-PHYSOPT-BUS-SKEW" Name="contador_multiples_bus_skew_postroute_physopted.rpt"/>
  <File Type="BG-BIT" Name="contador_multiples.bit"/>
  <File Type="POSTROUTE-PHYSOPT-BUS-SKEW-PB" Name="contador_multiples_bus_skew_postroute_physopted.pb"/>
  <File Type="POSTROUTE-PHYSOPT-BUS-SKEW-RPX" Name="contador_multiples_bus_skew_postroute_physopted.rpx"/>
  <File Type="BITSTR-NKY" Name="contador_multiples.nky"/>
  <File Type="BITSTR-BMM" Name="contador_multiples_bd.bmm"/>
  <File Type="PDI-FILE" Name="contador_multiples.pdi"/>
  <File Type="BOOT-PDI-FILE" Name="contador_multiples_boot.pdi"/>
  <File Type="PL-PDI-FILE" Name="contador_multiples_pld.pdi"/>
  <File Type="RCFI_FILE" Name="contador_multiples.rcfi"/>
  <File Type="CFI_FILE" Name="contador_multiples.cfi"/>
  <File Type="RNPI_FILE" Name="contador_multiples.rnpi"/>
  <File Type="NPI_FILE" Name="contador_multiples.npi"/>
  <File Type="RBD_FILE" Name="contador_multiples.rbd"/>
  <File Type="BITSTR-LTX" Name="debug_nets.ltx"/>
  <File Type="BITSTR-LTX" Name="contador_multiples.ltx"/>
  <File Type="BITSTR-SYSDEF" Name="contador_multiples.sysdef"/>
  <File Type="BG-BGN" Name="contador_multiples.bgn"/>
  <File Type="BG-DRC" Name="contador_multiples.drc"/>
  <File Type="RDI-RDI" Name="contador_multiples.vdi"/>
  <File Type="WBT-USG" Name="usage_statistics_webtalk.html"/>
  <File Type="ROUTE-RQS" Name="contador_multiples_routed.rqs"/>
  <File Type="POSTROUTE-PHYSOPT-RQS" Name="contador_multiples_postroute_physopted.rqs"/>
  <File Type="ROUTE-RQS-RPT" Name="route_report_qor_suggestions_0.rpt"/>
  <File Type="POSTROUTE-PHYSOPT-RQS-RPT" Name="postroute_physopt_report_qor_suggestions_0.rpt"/>
  <FileSet Name="sources" Type="DesignSrcs" RelSrcDir="$PSRCDIR/sources_1" RelGenDir="$PGENDIR/sources_1">
    <Filter Type="Srcs"/>
    <File Path="$PSRCDIR/sources_1/new/Codigo.vhd">
      <FileInfo>
        <Attr Name="UsedIn" Val="synthesis"/>
        <Attr Name="UsedIn" Val="simulation"/>
      </FileInfo>
    </File>
    <Config>
      <Option Name="DesignMode" Val="RTL"/>
      <Option Name="TopModule" Val="contador_multiples"/>
      <Option Name="TopAutoSet" Val="TRUE"/>
    </Config>
  </FileSet>
  <FileSet Name="constrs_in" Type="Constrs" RelSrcDir="$PSRCDIR/constrs_1" RelGenDir="$PGENDIR/constrs_1">
    <Filter Type="Constrs"/>
    <File Path="$PSRCDIR/constrs_1/new/XDC.xdc">
      <FileInfo>
        <Attr Name="UsedIn" Val="synthesis"/>
        <Attr Name="UsedIn" Val="implementation"/>
      </FileInfo>
    </File>
    <Config>
      <Option Name="ConstrsType" Val="XDC"/>
    </Config>
  </FileSet>
  <FileSet Name="utils" Type="Utils" RelSrcDir="$PSRCDIR/utils_1" RelGenDir="$PGENDIR/utils_1">
    <Filter Type="Utils"/>
    <File Path="$PSRCDIR/utils_1/imports/synth_1/RingCounter4SegmentDisplayWithDivider.dcp">
      <FileInfo>
        <Attr Name="UsedIn" Val="synthesis"/>
        <Attr Name="UsedIn" Val="implementation"/>
        <Attr Name="UsedInSteps" Val="synth_1"/>
        <Attr Name="UsedInSteps" Val="synth_1_copy_1"/>
        <Attr Name="AutoDcp" Val="1"/>
      </FileInfo>
    </File>
    <Config>
      <Option Name="TopAutoSet" Val="TRUE"/>
    </Config>
  </FileSet>
  <Strategy Version="1" Minor="2">
    <StratHandle Name="Vivado Implementation Defaults" Flow="Vivado Implementation 2023"/>
    <Step Id="init_design"/>
    <Step Id="opt_design"/>
    <Step Id="power_opt_design"/>
    <Step Id="place_design"/>
    <Step Id="post_place_power_opt_design"/>
    <Step Id="phys_opt_design"/>
    <Step Id="route_design"/>
    <Step Id="post_route_phys_opt_design"/>
    <Step Id="write_bitstream"/>
  </Strategy>
</GenRun>
