<?xml version="1.0" encoding="UTF-8"?>
<GenRun Id="impl_1" LaunchPart="xc7a35tcpg236-1" LaunchTime="1712803830">
  <File Type="ROUTE-PWR" Name="Contador_con_Divisor_power_routed.rpt"/>
  <File Type="PA-TCL" Name="Contador_con_Divisor.tcl"/>
  <File Type="ROUTE-PWR-SUM" Name="Contador_con_Divisor_power_summary_routed.pb"/>
  <File Type="REPORTS-TCL" Name="Contador_con_Divisor_reports.tcl"/>
  <File Type="OPT-RQA-PB" Name="Contador_con_Divisor_rqa_opted.pb"/>
  <File Type="BITSTR-MMI" Name="Contador_con_Divisor.mmi"/>
  <File Type="OPT-METHODOLOGY-DRC" Name="Contador_con_Divisor_methodology_drc_opted.rpt"/>
  <File Type="INIT-TIMING" Name="Contador_con_Divisor_timing_summary_init.rpt"/>
  <File Type="OPT-TIMING" Name="Contador_con_Divisor_timing_summary_opted.rpt"/>
  <File Type="OPT-DCP" Name="Contador_con_Divisor_opt.dcp"/>
  <File Type="OPT-DRC" Name="Contador_con_Divisor_drc_opted.rpt"/>
  <File Type="OPT-HWDEF" Name="Contador_con_Divisor.hwdef"/>
  <File Type="PWROPT-DCP" Name="Contador_con_Divisor_pwropt.dcp"/>
  <File Type="PWROPT-DRC" Name="Contador_con_Divisor_drc_pwropted.rpt"/>
  <File Type="PWROPT-TIMING" Name="Contador_con_Divisor_timing_summary_pwropted.rpt"/>
  <File Type="PLACE-DCP" Name="Contador_con_Divisor_placed.dcp"/>
  <File Type="PLACE-IO" Name="Contador_con_Divisor_io_placed.rpt"/>
  <File Type="PLACE-CLK" Name="Contador_con_Divisor_clock_utilization_placed.rpt"/>
  <File Type="PLACE-UTIL" Name="Contador_con_Divisor_utilization_placed.rpt"/>
  <File Type="PLACE-UTIL-PB" Name="Contador_con_Divisor_utilization_placed.pb"/>
  <File Type="PLACE-CTRL" Name="Contador_con_Divisor_control_sets_placed.rpt"/>
  <File Type="PLACE-SIMILARITY" Name="Contador_con_Divisor_incremental_reuse_placed.rpt"/>
  <File Type="PLACE-PRE-SIMILARITY" Name="Contador_con_Divisor_incremental_reuse_pre_placed.rpt"/>
  <File Type="BG-BIN" Name="Contador_con_Divisor.bin"/>
  <File Type="PLACE-TIMING" Name="Contador_con_Divisor_timing_summary_placed.rpt"/>
  <File Type="ROUTE-PWR-RPX" Name="Contador_con_Divisor_power_routed.rpx"/>
  <File Type="PLACE-RQA-PB" Name="Contador_con_Divisor_rqa_placed.pb"/>
  <File Type="POSTPLACE-PWROPT-DCP" Name="Contador_con_Divisor_postplace_pwropt.dcp"/>
  <File Type="BITSTR-MSK" Name="Contador_con_Divisor.msk"/>
  <File Type="POSTPLACE-PWROPT-TIMING" Name="Contador_con_Divisor_timing_summary_postplace_pwropted.rpt"/>
  <File Type="PHYSOPT-DCP" Name="Contador_con_Divisor_physopt.dcp"/>
  <File Type="PHYSOPT-DRC" Name="Contador_con_Divisor_drc_physopted.rpt"/>
  <File Type="BITSTR-RBT" Name="Contador_con_Divisor.rbt"/>
  <File Type="PHYSOPT-TIMING" Name="Contador_con_Divisor_timing_summary_physopted.rpt"/>
  <File Type="ROUTE-ERROR-DCP" Name="Contador_con_Divisor_routed_error.dcp"/>
  <File Type="ROUTE-DCP" Name="Contador_con_Divisor_routed.dcp"/>
  <File Type="ROUTE-BLACKBOX-DCP" Name="Contador_con_Divisor_routed_bb.dcp"/>
  <File Type="ROUTE-DRC" Name="Contador_con_Divisor_drc_routed.rpt"/>
  <File Type="ROUTE-DRC-PB" Name="Contador_con_Divisor_drc_routed.pb"/>
  <File Type="ROUTE-DRC-RPX" Name="Contador_con_Divisor_drc_routed.rpx"/>
  <File Type="ROUTE-METHODOLOGY-DRC" Name="Contador_con_Divisor_methodology_drc_routed.rpt"/>
  <File Type="ROUTE-METHODOLOGY-DRC-RPX" Name="Contador_con_Divisor_methodology_drc_routed.rpx"/>
  <File Type="ROUTE-METHODOLOGY-DRC-PB" Name="Contador_con_Divisor_methodology_drc_routed.pb"/>
  <File Type="ROUTE-RQS-PB" Name="Contador_con_Divisor_rqs_routed.pb"/>
  <File Type="ROUTE-STATUS" Name="Contador_con_Divisor_route_status.rpt"/>
  <File Type="ROUTE-STATUS-PB" Name="Contador_con_Divisor_route_status.pb"/>
  <File Type="ROUTE-TIMINGSUMMARY" Name="Contador_con_Divisor_timing_summary_routed.rpt"/>
  <File Type="ROUTE-TIMING-PB" Name="Contador_con_Divisor_timing_summary_routed.pb"/>
  <File Type="ROUTE-TIMING-RPX" Name="Contador_con_Divisor_timing_summary_routed.rpx"/>
  <File Type="ROUTE-SIMILARITY" Name="Contador_con_Divisor_incremental_reuse_routed.rpt"/>
  <File Type="ROUTE-CLK" Name="Contador_con_Divisor_clock_utilization_routed.rpt"/>
  <File Type="ROUTE-BUS-SKEW" Name="Contador_con_Divisor_bus_skew_routed.rpt"/>
  <File Type="ROUTE-BUS-SKEW-PB" Name="Contador_con_Divisor_bus_skew_routed.pb"/>
  <File Type="ROUTE-BUS-SKEW-RPX" Name="Contador_con_Divisor_bus_skew_routed.rpx"/>
  <File Type="POSTROUTE-PHYSOPT-DCP" Name="Contador_con_Divisor_postroute_physopt.dcp"/>
  <File Type="POSTROUTE-PHYSOPT-BLACKBOX-DCP" Name="Contador_con_Divisor_postroute_physopt_bb.dcp"/>
  <File Type="POSTROUTE-PHYSOPT-TIMING" Name="FLIP_FLOP_timing_summary_postroute_physopted.rpt"/>
  <File Type="POSTROUTE-PHYSOPT-TIMING-PB" Name="FLIP_FLOP_timing_summary_postroute_physopted.pb"/>
  <File Type="POSTROUTE-PHYSOPT-TIMING-RPX" Name="FLIP_FLOP_timing_summary_postroute_physopted.rpx"/>
  <File Type="POSTROUTE-PHYSOPT-BUS-SKEW" Name="FLIP_FLOP_bus_skew_postroute_physopted.rpt"/>
  <File Type="BG-BIT" Name="Contador_con_Divisor.bit"/>
  <File Type="POSTROUTE-PHYSOPT-BUS-SKEW-PB" Name="FLIP_FLOP_bus_skew_postroute_physopted.pb"/>
  <File Type="POSTROUTE-PHYSOPT-BUS-SKEW-RPX" Name="FLIP_FLOP_bus_skew_postroute_physopted.rpx"/>
  <File Type="BITSTR-NKY" Name="Contador_con_Divisor.nky"/>
  <File Type="BITSTR-BMM" Name="Contador_con_Divisor_bd.bmm"/>
  <File Type="PDI-FILE" Name="Contador_con_Divisor.pdi"/>
  <File Type="BOOT-PDI-FILE" Name="Contador_con_Divisor_boot.pdi"/>
  <File Type="PL-PDI-FILE" Name="Contador_con_Divisor_pld.pdi"/>
  <File Type="RCFI_FILE" Name="Contador_con_Divisor.rcfi"/>
  <File Type="CFI_FILE" Name="Contador_con_Divisor.cfi"/>
  <File Type="RNPI_FILE" Name="Contador_con_Divisor.rnpi"/>
  <File Type="NPI_FILE" Name="Contador_con_Divisor.npi"/>
  <File Type="RBD_FILE" Name="Contador_con_Divisor.rbd"/>
  <File Type="BITSTR-LTX" Name="debug_nets.ltx"/>
  <File Type="BITSTR-LTX" Name="Contador_con_Divisor.ltx"/>
  <File Type="BITSTR-SYSDEF" Name="Contador_con_Divisor.sysdef"/>
  <File Type="BG-BGN" Name="Contador_con_Divisor.bgn"/>
  <File Type="BG-DRC" Name="Contador_con_Divisor.drc"/>
  <File Type="RDI-RDI" Name="Contador_con_Divisor.vdi"/>
  <File Type="WBT-USG" Name="usage_statistics_webtalk.html"/>
  <File Type="ROUTE-RQS" Name="Contador_con_Divisor_routed.rqs"/>
  <File Type="POSTROUTE-PHYSOPT-RQS" Name="Contador_con_Divisor_postroute_physopted.rqs"/>
  <File Type="ROUTE-RQS-RPT" Name="route_report_qor_suggestions_0.rpt"/>
  <File Type="POSTROUTE-PHYSOPT-RQS-RPT" Name="postroute_physopt_report_qor_suggestions_0.rpt"/>
  <FileSet Name="sources" Type="DesignSrcs" RelSrcDir="$PSRCDIR/sources_1" RelGenDir="$PGENDIR/sources_1">
    <Filter Type="Srcs"/>
    <File Path="$PSRCDIR/sources_1/new/contador.vhd">
      <FileInfo>
        <Attr Name="UsedIn" Val="synthesis"/>
        <Attr Name="UsedIn" Val="simulation"/>
      </FileInfo>
    </File>
    <Config>
      <Option Name="DesignMode" Val="RTL"/>
      <Option Name="TopModule" Val="Contador_con_Divisor"/>
      <Option Name="TopAutoSet" Val="TRUE"/>
    </Config>
  </FileSet>
  <FileSet Name="constrs_in" Type="Constrs" RelSrcDir="$PSRCDIR/constrs_1" RelGenDir="$PGENDIR/constrs_1">
    <Filter Type="Constrs"/>
    <File Path="$PSRCDIR/constrs_1/new/xdc.xdc">
      <FileInfo>
        <Attr Name="UsedIn" Val="synthesis"/>
        <Attr Name="UsedIn" Val="implementation"/>
      </FileInfo>
    </File>
    <Config>
      <Option Name="ConstrsType" Val="XDC"/>
    </Config>
  </FileSet>
  <FileSet Name="utils" Type="Utils" RelSrcDir="$PSRCDIR/utils_1" RelGenDir="$PGENDIR/utils_1">
    <Filter Type="Utils"/>
    <File Path="$PSRCDIR/utils_1/imports/synth_1/codigo.dcp">
      <FileInfo>
        <Attr Name="UsedIn" Val="synthesis"/>
        <Attr Name="UsedIn" Val="implementation"/>
        <Attr Name="UsedInSteps" Val="synth_1"/>
        <Attr Name="AutoDcp" Val="1"/>
      </FileInfo>
    </File>
    <Config>
      <Option Name="TopAutoSet" Val="TRUE"/>
    </Config>
  </FileSet>
  <Strategy Version="1" Minor="2">
    <StratHandle Name="Vivado Implementation Defaults" Flow="Vivado Implementation 2023"/>
    <Step Id="init_design"/>
    <Step Id="opt_design"/>
    <Step Id="power_opt_design"/>
    <Step Id="place_design"/>
    <Step Id="post_place_power_opt_design"/>
    <Step Id="phys_opt_design"/>
    <Step Id="route_design"/>
    <Step Id="post_route_phys_opt_design"/>
    <Step Id="write_bitstream"/>
  </Strategy>
</GenRun>
