<?xml version="1.0" encoding="UTF-8"?>
<GenRun Id="impl_1" LaunchPart="xc7a35tcpg236-1" LaunchTime="1718170424">
  <File Type="ROUTE-PWR" Name="Semaforo_power_routed.rpt"/>
  <File Type="PA-TCL" Name="Semaforo.tcl"/>
  <File Type="ROUTE-PWR-SUM" Name="Semaforo_power_summary_routed.pb"/>
  <File Type="REPORTS-TCL" Name="Semaforo_reports.tcl"/>
  <File Type="OPT-RQA-PB" Name="Semaforo_rqa_opted.pb"/>
  <File Type="BITSTR-MMI" Name="Semaforo.mmi"/>
  <File Type="OPT-METHODOLOGY-DRC" Name="Semaforo_methodology_drc_opted.rpt"/>
  <File Type="INIT-TIMING" Name="Semaforo_timing_summary_init.rpt"/>
  <File Type="OPT-TIMING" Name="Semaforo_timing_summary_opted.rpt"/>
  <File Type="OPT-DCP" Name="Semaforo_opt.dcp"/>
  <File Type="OPT-DRC" Name="Semaforo_drc_opted.rpt"/>
  <File Type="OPT-HWDEF" Name="Semaforo.hwdef"/>
  <File Type="PWROPT-DCP" Name="Semaforo_pwropt.dcp"/>
  <File Type="PWROPT-DRC" Name="Semaforo_drc_pwropted.rpt"/>
  <File Type="PWROPT-TIMING" Name="Semaforo_timing_summary_pwropted.rpt"/>
  <File Type="PLACE-DCP" Name="Semaforo_placed.dcp"/>
  <File Type="PLACE-IO" Name="Semaforo_io_placed.rpt"/>
  <File Type="PLACE-CLK" Name="Semaforo_clock_utilization_placed.rpt"/>
  <File Type="PLACE-UTIL" Name="Semaforo_utilization_placed.rpt"/>
  <File Type="PLACE-UTIL-PB" Name="Semaforo_utilization_placed.pb"/>
  <File Type="PLACE-CTRL" Name="Semaforo_control_sets_placed.rpt"/>
  <File Type="PLACE-SIMILARITY" Name="Semaforo_incremental_reuse_placed.rpt"/>
  <File Type="PLACE-PRE-SIMILARITY" Name="Semaforo_incremental_reuse_pre_placed.rpt"/>
  <File Type="BG-BIN" Name="Semaforo.bin"/>
  <File Type="PLACE-TIMING" Name="Semaforo_timing_summary_placed.rpt"/>
  <File Type="ROUTE-PWR-RPX" Name="Semaforo_power_routed.rpx"/>
  <File Type="PLACE-RQA-PB" Name="Semaforo_rqa_placed.pb"/>
  <File Type="POSTPLACE-PWROPT-DCP" Name="Semaforo_postplace_pwropt.dcp"/>
  <File Type="BITSTR-MSK" Name="Semaforo.msk"/>
  <File Type="POSTPLACE-PWROPT-TIMING" Name="Semaforo_timing_summary_postplace_pwropted.rpt"/>
  <File Type="PHYSOPT-DCP" Name="Semaforo_physopt.dcp"/>
  <File Type="PHYSOPT-DRC" Name="Semaforo_drc_physopted.rpt"/>
  <File Type="BITSTR-RBT" Name="Semaforo.rbt"/>
  <File Type="PHYSOPT-TIMING" Name="Semaforo_timing_summary_physopted.rpt"/>
  <File Type="ROUTE-ERROR-DCP" Name="Semaforo_routed_error.dcp"/>
  <File Type="ROUTE-DCP" Name="Semaforo_routed.dcp"/>
  <File Type="ROUTE-BLACKBOX-DCP" Name="Semaforo_routed_bb.dcp"/>
  <File Type="ROUTE-DRC" Name="Semaforo_drc_routed.rpt"/>
  <File Type="ROUTE-DRC-PB" Name="Semaforo_drc_routed.pb"/>
  <File Type="ROUTE-DRC-RPX" Name="Semaforo_drc_routed.rpx"/>
  <File Type="ROUTE-METHODOLOGY-DRC" Name="Semaforo_methodology_drc_routed.rpt"/>
  <File Type="ROUTE-METHODOLOGY-DRC-RPX" Name="Semaforo_methodology_drc_routed.rpx"/>
  <File Type="ROUTE-METHODOLOGY-DRC-PB" Name="Semaforo_methodology_drc_routed.pb"/>
  <File Type="ROUTE-RQS-PB" Name="Semaforo_rqs_routed.pb"/>
  <File Type="ROUTE-STATUS" Name="Semaforo_route_status.rpt"/>
  <File Type="ROUTE-STATUS-PB" Name="Semaforo_route_status.pb"/>
  <File Type="ROUTE-TIMINGSUMMARY" Name="Semaforo_timing_summary_routed.rpt"/>
  <File Type="ROUTE-TIMING-PB" Name="Semaforo_timing_summary_routed.pb"/>
  <File Type="ROUTE-TIMING-RPX" Name="Semaforo_timing_summary_routed.rpx"/>
  <File Type="ROUTE-SIMILARITY" Name="Semaforo_incremental_reuse_routed.rpt"/>
  <File Type="ROUTE-CLK" Name="Semaforo_clock_utilization_routed.rpt"/>
  <File Type="ROUTE-BUS-SKEW" Name="Semaforo_bus_skew_routed.rpt"/>
  <File Type="ROUTE-BUS-SKEW-PB" Name="Semaforo_bus_skew_routed.pb"/>
  <File Type="ROUTE-BUS-SKEW-RPX" Name="Semaforo_bus_skew_routed.rpx"/>
  <File Type="POSTROUTE-PHYSOPT-DCP" Name="Semaforo_postroute_physopt.dcp"/>
  <File Type="POSTROUTE-PHYSOPT-BLACKBOX-DCP" Name="Semaforo_postroute_physopt_bb.dcp"/>
  <File Type="POSTROUTE-PHYSOPT-TIMING" Name="Semaforo_timing_summary_postroute_physopted.rpt"/>
  <File Type="POSTROUTE-PHYSOPT-TIMING-PB" Name="Semaforo_timing_summary_postroute_physopted.pb"/>
  <File Type="POSTROUTE-PHYSOPT-TIMING-RPX" Name="Semaforo_timing_summary_postroute_physopted.rpx"/>
  <File Type="POSTROUTE-PHYSOPT-BUS-SKEW" Name="Semaforo_bus_skew_postroute_physopted.rpt"/>
  <File Type="BG-BIT" Name="Semaforo.bit"/>
  <File Type="POSTROUTE-PHYSOPT-BUS-SKEW-PB" Name="Semaforo_bus_skew_postroute_physopted.pb"/>
  <File Type="POSTROUTE-PHYSOPT-BUS-SKEW-RPX" Name="Semaforo_bus_skew_postroute_physopted.rpx"/>
  <File Type="BITSTR-NKY" Name="Semaforo.nky"/>
  <File Type="BITSTR-BMM" Name="Semaforo_bd.bmm"/>
  <File Type="PDI-FILE" Name="Semaforo.pdi"/>
  <File Type="BOOT-PDI-FILE" Name="Semaforo_boot.pdi"/>
  <File Type="PL-PDI-FILE" Name="Semaforo_pld.pdi"/>
  <File Type="RCFI_FILE" Name="Semaforo.rcfi"/>
  <File Type="CFI_FILE" Name="Semaforo.cfi"/>
  <File Type="RNPI_FILE" Name="Semaforo.rnpi"/>
  <File Type="NPI_FILE" Name="Semaforo.npi"/>
  <File Type="RBD_FILE" Name="Semaforo.rbd"/>
  <File Type="BITSTR-LTX" Name="debug_nets.ltx"/>
  <File Type="BITSTR-LTX" Name="Semaforo.ltx"/>
  <File Type="BITSTR-SYSDEF" Name="Semaforo.sysdef"/>
  <File Type="BG-BGN" Name="Semaforo.bgn"/>
  <File Type="BG-DRC" Name="Semaforo.drc"/>
  <File Type="RDI-RDI" Name="Semaforo.vdi"/>
  <File Type="WBT-USG" Name="usage_statistics_webtalk.html"/>
  <File Type="ROUTE-RQS" Name="Semaforo_routed.rqs"/>
  <File Type="POSTROUTE-PHYSOPT-RQS" Name="Semaforo_postroute_physopted.rqs"/>
  <File Type="ROUTE-RQS-RPT" Name="route_report_qor_suggestions_0.rpt"/>
  <File Type="POSTROUTE-PHYSOPT-RQS-RPT" Name="postroute_physopt_report_qor_suggestions_0.rpt"/>
  <FileSet Name="sources" Type="DesignSrcs" RelSrcDir="$PSRCDIR/sources_1" RelGenDir="$PGENDIR/sources_1">
    <Filter Type="Srcs"/>
    <File Path="C:/Users/MSOne/Downloads/Semaforo/DIVISOR_FRECUENCIAS.vhd">
      <FileInfo>
        <Attr Name="UsedIn" Val="synthesis"/>
        <Attr Name="UsedIn" Val="simulation"/>
      </FileInfo>
    </File>
    <File Path="C:/Users/MSOne/Downloads/Semaforo/FF_D.vhd">
      <FileInfo>
        <Attr Name="UsedIn" Val="synthesis"/>
        <Attr Name="UsedIn" Val="simulation"/>
      </FileInfo>
    </File>
    <File Path="C:/Users/MSOne/Downloads/Semaforo/async_counter.vhd">
      <FileInfo>
        <Attr Name="UsedIn" Val="synthesis"/>
        <Attr Name="UsedIn" Val="simulation"/>
      </FileInfo>
    </File>
    <File Path="C:/Users/MSOne/Downloads/Semaforo/Semaforo.vhd">
      <FileInfo>
        <Attr Name="UsedIn" Val="synthesis"/>
        <Attr Name="UsedIn" Val="simulation"/>
      </FileInfo>
    </File>
    <Config>
      <Option Name="DesignMode" Val="RTL"/>
      <Option Name="TopModule" Val="Semaforo"/>
      <Option Name="TopAutoSet" Val="TRUE"/>
    </Config>
  </FileSet>
  <FileSet Name="constrs_in" Type="Constrs" RelSrcDir="$PSRCDIR/constrs_1" RelGenDir="$PGENDIR/constrs_1">
    <Filter Type="Constrs"/>
    <File Path="$PSRCDIR/constrs_1/new/XDC.xdc">
      <FileInfo>
        <Attr Name="UsedIn" Val="synthesis"/>
        <Attr Name="UsedIn" Val="implementation"/>
      </FileInfo>
    </File>
    <Config>
      <Option Name="ConstrsType" Val="XDC"/>
    </Config>
  </FileSet>
  <FileSet Name="utils" Type="Utils" RelSrcDir="$PSRCDIR/utils_1" RelGenDir="$PGENDIR/utils_1">
    <Filter Type="Utils"/>
    <File Path="$PSRCDIR/utils_1/imports/synth_1/Semaforo.dcp">
      <FileInfo>
        <Attr Name="UsedIn" Val="synthesis"/>
        <Attr Name="UsedIn" Val="implementation"/>
        <Attr Name="UsedInSteps" Val="synth_1"/>
        <Attr Name="AutoDcp" Val="1"/>
      </FileInfo>
    </File>
    <Config>
      <Option Name="TopAutoSet" Val="TRUE"/>
    </Config>
  </FileSet>
  <Strategy Version="1" Minor="2">
    <StratHandle Name="Vivado Implementation Defaults" Flow="Vivado Implementation 2024">
      <Desc>Default settings for Implementation.</Desc>
    </StratHandle>
    <Step Id="init_design"/>
    <Step Id="opt_design"/>
    <Step Id="power_opt_design"/>
    <Step Id="place_design"/>
    <Step Id="post_place_power_opt_design"/>
    <Step Id="phys_opt_design"/>
    <Step Id="route_design"/>
    <Step Id="post_route_phys_opt_design"/>
    <Step Id="write_bitstream"/>
  </Strategy>
</GenRun>
