<?xml version="1.0" encoding="UTF-8"?>
<GenRun Id="synth_1" LaunchPart="xc7a35tcpg236-1" LaunchTime="1718228775" LaunchIncrCheckpoint="$PSRCDIR/utils_1/imports/synth_1/SEMAFOROS.dcp">
  <File Type="PA-TCL" Name="SEMAFOROS.tcl"/>
  <File Type="RDS-PROPCONSTRS" Name="SEMAFOROS_drc_synth.rpt"/>
  <File Type="REPORTS-TCL" Name="SEMAFOROS_reports.tcl"/>
  <File Type="RDS-RDS" Name="SEMAFOROS.vds"/>
  <File Type="RDS-UTIL" Name="SEMAFOROS_utilization_synth.rpt"/>
  <File Type="RDS-UTIL-PB" Name="SEMAFOROS_utilization_synth.pb"/>
  <File Type="RDS-DCP" Name="SEMAFOROS.dcp"/>
  <File Type="VDS-TIMINGSUMMARY" Name="SEMAFOROS_timing_summary_synth.rpt"/>
  <File Type="VDS-TIMING-PB" Name="SEMAFOROS_timing_summary_synth.pb"/>
  <FileSet Name="sources" Type="DesignSrcs" RelSrcDir="$PSRCDIR/sources_1" RelGenDir="$PGENDIR/sources_1">
    <Filter Type="Srcs"/>
    <File Path="C:/Users/MSOne/Downloads/Semaforo/P6 Semáforo/CONTADOR.vhd">
      <FileInfo>
        <Attr Name="UsedIn" Val="synthesis"/>
        <Attr Name="UsedIn" Val="simulation"/>
      </FileInfo>
    </File>
    <File Path="C:/Users/MSOne/Downloads/Semaforo/P6 Semáforo/DESPLEGADOR_DISPLAY.vhd">
      <FileInfo>
        <Attr Name="UsedIn" Val="synthesis"/>
        <Attr Name="UsedIn" Val="simulation"/>
      </FileInfo>
    </File>
    <File Path="C:/Users/MSOne/Downloads/Semaforo/P6 Semáforo/DIV_FC.vhd">
      <FileInfo>
        <Attr Name="UsedIn" Val="synthesis"/>
        <Attr Name="UsedIn" Val="simulation"/>
      </FileInfo>
    </File>
    <File Path="C:/Users/MSOne/Downloads/Semaforo/P6 Semáforo/MODOS_DISPLAY.vhd">
      <FileInfo>
        <Attr Name="UsedIn" Val="synthesis"/>
        <Attr Name="UsedIn" Val="simulation"/>
      </FileInfo>
    </File>
    <File Path="C:/Users/MSOne/Downloads/Semaforo/P6 Semáforo/SEMAFORO.vhd">
      <FileInfo>
        <Attr Name="UsedIn" Val="synthesis"/>
        <Attr Name="UsedIn" Val="simulation"/>
      </FileInfo>
    </File>
    <File Path="C:/Users/MSOne/Downloads/Semaforo/P6 Semáforo/P6_SEMAFOROS.vhd">
      <FileInfo>
        <Attr Name="UsedIn" Val="synthesis"/>
        <Attr Name="UsedIn" Val="simulation"/>
      </FileInfo>
    </File>
    <Config>
      <Option Name="DesignMode" Val="RTL"/>
      <Option Name="TopModule" Val="SEMAFOROS"/>
      <Option Name="TopAutoSet" Val="TRUE"/>
    </Config>
  </FileSet>
  <FileSet Name="constrs_in" Type="Constrs" RelSrcDir="$PSRCDIR/constrs_1" RelGenDir="$PGENDIR/constrs_1">
    <Filter Type="Constrs"/>
    <Config>
      <Option Name="ConstrsType" Val="XDC"/>
    </Config>
  </FileSet>
  <FileSet Name="utils" Type="Utils" RelSrcDir="$PSRCDIR/utils_1" RelGenDir="$PGENDIR/utils_1">
    <Filter Type="Utils"/>
    <File Path="$PSRCDIR/utils_1/imports/synth_1/SEMAFOROS.dcp">
      <FileInfo>
        <Attr Name="UsedIn" Val="synthesis"/>
        <Attr Name="UsedIn" Val="implementation"/>
        <Attr Name="UsedInSteps" Val="synth_1"/>
        <Attr Name="AutoDcp" Val="1"/>
      </FileInfo>
    </File>
    <Config>
      <Option Name="TopAutoSet" Val="TRUE"/>
    </Config>
  </FileSet>
  <Strategy Version="1" Minor="2">
    <StratHandle Name="Vivado Synthesis Defaults" Flow="Vivado Synthesis 2024"/>
    <Step Id="synth_design"/>
  </Strategy>
</GenRun>
