<?xml version="1.0" encoding="UTF-8"?>
<GenRun Id="impl_1" LaunchPart="xc7a35tcpg236-1" LaunchTime="1718228841">
  <File Type="ROUTE-PWR" Name="SEMAFOROS_power_routed.rpt"/>
  <File Type="PA-TCL" Name="SEMAFOROS.tcl"/>
  <File Type="ROUTE-PWR-SUM" Name="SEMAFOROS_power_summary_routed.pb"/>
  <File Type="REPORTS-TCL" Name="SEMAFOROS_reports.tcl"/>
  <File Type="OPT-RQA-PB" Name="SEMAFOROS_rqa_opted.pb"/>
  <File Type="BITSTR-MMI" Name="SEMAFOROS.mmi"/>
  <File Type="OPT-METHODOLOGY-DRC" Name="SEMAFOROS_methodology_drc_opted.rpt"/>
  <File Type="INIT-TIMING" Name="SEMAFOROS_timing_summary_init.rpt"/>
  <File Type="OPT-TIMING" Name="SEMAFOROS_timing_summary_opted.rpt"/>
  <File Type="OPT-DCP" Name="SEMAFOROS_opt.dcp"/>
  <File Type="OPT-DRC" Name="SEMAFOROS_drc_opted.rpt"/>
  <File Type="OPT-HWDEF" Name="SEMAFOROS.hwdef"/>
  <File Type="PWROPT-DCP" Name="SEMAFOROS_pwropt.dcp"/>
  <File Type="PWROPT-DRC" Name="SEMAFOROS_drc_pwropted.rpt"/>
  <File Type="PWROPT-TIMING" Name="SEMAFOROS_timing_summary_pwropted.rpt"/>
  <File Type="PLACE-DCP" Name="SEMAFOROS_placed.dcp"/>
  <File Type="PLACE-IO" Name="SEMAFOROS_io_placed.rpt"/>
  <File Type="PLACE-CLK" Name="SEMAFOROS_clock_utilization_placed.rpt"/>
  <File Type="PLACE-UTIL" Name="SEMAFOROS_utilization_placed.rpt"/>
  <File Type="PLACE-UTIL-PB" Name="SEMAFOROS_utilization_placed.pb"/>
  <File Type="PLACE-CTRL" Name="SEMAFOROS_control_sets_placed.rpt"/>
  <File Type="PLACE-SIMILARITY" Name="SEMAFOROS_incremental_reuse_placed.rpt"/>
  <File Type="PLACE-PRE-SIMILARITY" Name="SEMAFOROS_incremental_reuse_pre_placed.rpt"/>
  <File Type="BG-BIN" Name="SEMAFOROS.bin"/>
  <File Type="PLACE-TIMING" Name="SEMAFOROS_timing_summary_placed.rpt"/>
  <File Type="ROUTE-PWR-RPX" Name="SEMAFOROS_power_routed.rpx"/>
  <File Type="PLACE-RQA-PB" Name="SEMAFOROS_rqa_placed.pb"/>
  <File Type="POSTPLACE-PWROPT-DCP" Name="SEMAFOROS_postplace_pwropt.dcp"/>
  <File Type="BITSTR-MSK" Name="SEMAFOROS.msk"/>
  <File Type="POSTPLACE-PWROPT-TIMING" Name="SEMAFOROS_timing_summary_postplace_pwropted.rpt"/>
  <File Type="PHYSOPT-DCP" Name="SEMAFOROS_physopt.dcp"/>
  <File Type="PHYSOPT-DRC" Name="SEMAFOROS_drc_physopted.rpt"/>
  <File Type="BITSTR-RBT" Name="SEMAFOROS.rbt"/>
  <File Type="PHYSOPT-TIMING" Name="SEMAFOROS_timing_summary_physopted.rpt"/>
  <File Type="ROUTE-ERROR-DCP" Name="SEMAFOROS_routed_error.dcp"/>
  <File Type="ROUTE-DCP" Name="SEMAFOROS_routed.dcp"/>
  <File Type="ROUTE-BLACKBOX-DCP" Name="SEMAFOROS_routed_bb.dcp"/>
  <File Type="ROUTE-DRC" Name="SEMAFOROS_drc_routed.rpt"/>
  <File Type="ROUTE-DRC-PB" Name="SEMAFOROS_drc_routed.pb"/>
  <File Type="ROUTE-DRC-RPX" Name="SEMAFOROS_drc_routed.rpx"/>
  <File Type="ROUTE-METHODOLOGY-DRC" Name="SEMAFOROS_methodology_drc_routed.rpt"/>
  <File Type="ROUTE-METHODOLOGY-DRC-RPX" Name="SEMAFOROS_methodology_drc_routed.rpx"/>
  <File Type="ROUTE-METHODOLOGY-DRC-PB" Name="SEMAFOROS_methodology_drc_routed.pb"/>
  <File Type="ROUTE-RQS-PB" Name="SEMAFOROS_rqs_routed.pb"/>
  <File Type="ROUTE-STATUS" Name="SEMAFOROS_route_status.rpt"/>
  <File Type="ROUTE-STATUS-PB" Name="SEMAFOROS_route_status.pb"/>
  <File Type="ROUTE-TIMINGSUMMARY" Name="SEMAFOROS_timing_summary_routed.rpt"/>
  <File Type="ROUTE-TIMING-PB" Name="SEMAFOROS_timing_summary_routed.pb"/>
  <File Type="ROUTE-TIMING-RPX" Name="SEMAFOROS_timing_summary_routed.rpx"/>
  <File Type="ROUTE-SIMILARITY" Name="SEMAFOROS_incremental_reuse_routed.rpt"/>
  <File Type="ROUTE-CLK" Name="SEMAFOROS_clock_utilization_routed.rpt"/>
  <File Type="ROUTE-BUS-SKEW" Name="SEMAFOROS_bus_skew_routed.rpt"/>
  <File Type="ROUTE-BUS-SKEW-PB" Name="SEMAFOROS_bus_skew_routed.pb"/>
  <File Type="ROUTE-BUS-SKEW-RPX" Name="SEMAFOROS_bus_skew_routed.rpx"/>
  <File Type="POSTROUTE-PHYSOPT-DCP" Name="SEMAFOROS_postroute_physopt.dcp"/>
  <File Type="POSTROUTE-PHYSOPT-BLACKBOX-DCP" Name="SEMAFOROS_postroute_physopt_bb.dcp"/>
  <File Type="POSTROUTE-PHYSOPT-TIMING" Name="SEMAFOROS_timing_summary_postroute_physopted.rpt"/>
  <File Type="POSTROUTE-PHYSOPT-TIMING-PB" Name="SEMAFOROS_timing_summary_postroute_physopted.pb"/>
  <File Type="POSTROUTE-PHYSOPT-TIMING-RPX" Name="SEMAFOROS_timing_summary_postroute_physopted.rpx"/>
  <File Type="POSTROUTE-PHYSOPT-BUS-SKEW" Name="SEMAFOROS_bus_skew_postroute_physopted.rpt"/>
  <File Type="BG-BIT" Name="SEMAFOROS.bit"/>
  <File Type="POSTROUTE-PHYSOPT-BUS-SKEW-PB" Name="SEMAFOROS_bus_skew_postroute_physopted.pb"/>
  <File Type="POSTROUTE-PHYSOPT-BUS-SKEW-RPX" Name="SEMAFOROS_bus_skew_postroute_physopted.rpx"/>
  <File Type="BITSTR-NKY" Name="SEMAFOROS.nky"/>
  <File Type="BITSTR-BMM" Name="SEMAFOROS_bd.bmm"/>
  <File Type="PDI-FILE" Name="SEMAFOROS.pdi"/>
  <File Type="BOOT-PDI-FILE" Name="SEMAFOROS_boot.pdi"/>
  <File Type="PL-PDI-FILE" Name="SEMAFOROS_pld.pdi"/>
  <File Type="RCFI_FILE" Name="SEMAFOROS.rcfi"/>
  <File Type="CFI_FILE" Name="SEMAFOROS.cfi"/>
  <File Type="RNPI_FILE" Name="SEMAFOROS.rnpi"/>
  <File Type="NPI_FILE" Name="SEMAFOROS.npi"/>
  <File Type="RBD_FILE" Name="SEMAFOROS.rbd"/>
  <File Type="BITSTR-LTX" Name="debug_nets.ltx"/>
  <File Type="BITSTR-LTX" Name="SEMAFOROS.ltx"/>
  <File Type="BITSTR-SYSDEF" Name="SEMAFOROS.sysdef"/>
  <File Type="BG-BGN" Name="SEMAFOROS.bgn"/>
  <File Type="BG-DRC" Name="SEMAFOROS.drc"/>
  <File Type="RDI-RDI" Name="SEMAFOROS.vdi"/>
  <File Type="WBT-USG" Name="usage_statistics_webtalk.html"/>
  <File Type="ROUTE-RQS" Name="SEMAFOROS_routed.rqs"/>
  <File Type="POSTROUTE-PHYSOPT-RQS" Name="SEMAFOROS_postroute_physopted.rqs"/>
  <File Type="ROUTE-RQS-RPT" Name="route_report_qor_suggestions_0.rpt"/>
  <File Type="POSTROUTE-PHYSOPT-RQS-RPT" Name="postroute_physopt_report_qor_suggestions_0.rpt"/>
  <FileSet Name="sources" Type="DesignSrcs" RelSrcDir="$PSRCDIR/sources_1" RelGenDir="$PGENDIR/sources_1">
    <Filter Type="Srcs"/>
    <File Path="C:/Users/MSOne/Downloads/Semaforo/P6 Semáforo/CONTADOR.vhd">
      <FileInfo>
        <Attr Name="UsedIn" Val="synthesis"/>
        <Attr Name="UsedIn" Val="simulation"/>
      </FileInfo>
    </File>
    <File Path="C:/Users/MSOne/Downloads/Semaforo/P6 Semáforo/DESPLEGADOR_DISPLAY.vhd">
      <FileInfo>
        <Attr Name="UsedIn" Val="synthesis"/>
        <Attr Name="UsedIn" Val="simulation"/>
      </FileInfo>
    </File>
    <File Path="C:/Users/MSOne/Downloads/Semaforo/P6 Semáforo/DIV_FC.vhd">
      <FileInfo>
        <Attr Name="UsedIn" Val="synthesis"/>
        <Attr Name="UsedIn" Val="simulation"/>
      </FileInfo>
    </File>
    <File Path="C:/Users/MSOne/Downloads/Semaforo/P6 Semáforo/MODOS_DISPLAY.vhd">
      <FileInfo>
        <Attr Name="UsedIn" Val="synthesis"/>
        <Attr Name="UsedIn" Val="simulation"/>
      </FileInfo>
    </File>
    <File Path="C:/Users/MSOne/Downloads/Semaforo/P6 Semáforo/SEMAFORO.vhd">
      <FileInfo>
        <Attr Name="UsedIn" Val="synthesis"/>
        <Attr Name="UsedIn" Val="simulation"/>
      </FileInfo>
    </File>
    <File Path="C:/Users/MSOne/Downloads/Semaforo/P6 Semáforo/P6_SEMAFOROS.vhd">
      <FileInfo>
        <Attr Name="UsedIn" Val="synthesis"/>
        <Attr Name="UsedIn" Val="simulation"/>
      </FileInfo>
    </File>
    <Config>
      <Option Name="DesignMode" Val="RTL"/>
      <Option Name="TopModule" Val="SEMAFOROS"/>
      <Option Name="TopAutoSet" Val="TRUE"/>
    </Config>
  </FileSet>
  <FileSet Name="constrs_in" Type="Constrs" RelSrcDir="$PSRCDIR/constrs_1" RelGenDir="$PGENDIR/constrs_1">
    <Filter Type="Constrs"/>
    <Config>
      <Option Name="ConstrsType" Val="XDC"/>
    </Config>
  </FileSet>
  <FileSet Name="utils" Type="Utils" RelSrcDir="$PSRCDIR/utils_1" RelGenDir="$PGENDIR/utils_1">
    <Filter Type="Utils"/>
    <File Path="$PSRCDIR/utils_1/imports/synth_1/SEMAFOROS.dcp">
      <FileInfo>
        <Attr Name="UsedIn" Val="synthesis"/>
        <Attr Name="UsedIn" Val="implementation"/>
        <Attr Name="UsedInSteps" Val="synth_1"/>
        <Attr Name="AutoDcp" Val="1"/>
      </FileInfo>
    </File>
    <Config>
      <Option Name="TopAutoSet" Val="TRUE"/>
    </Config>
  </FileSet>
  <Strategy Version="1" Minor="2">
    <StratHandle Name="Vivado Implementation Defaults" Flow="Vivado Implementation 2024"/>
    <Step Id="init_design"/>
    <Step Id="opt_design"/>
    <Step Id="power_opt_design"/>
    <Step Id="place_design"/>
    <Step Id="post_place_power_opt_design"/>
    <Step Id="phys_opt_design"/>
    <Step Id="route_design"/>
    <Step Id="post_route_phys_opt_design"/>
    <Step Id="write_bitstream"/>
  </Strategy>
</GenRun>
