<?xml version="1.0" encoding="UTF-8"?>
<GenRun Id="impl_1" LaunchPart="xc7a35tcpg236-1" LaunchTime="1713994556">
  <File Type="ROUTE-PWR" Name="display_hola_ian_power_routed.rpt"/>
  <File Type="PA-TCL" Name="display_hola_ian.tcl"/>
  <File Type="ROUTE-PWR-SUM" Name="display_hola_ian_power_summary_routed.pb"/>
  <File Type="REPORTS-TCL" Name="display_hola_ian_reports.tcl"/>
  <File Type="BITSTR-MSK" Name="display_hola_ian.msk"/>
  <File Type="ROUTE-CLK" Name="display_hola_ian_clock_utilization_routed.rpt"/>
  <File Type="RDI-RDI" Name="display_hola_ian.vdi"/>
  <File Type="POSTROUTE-PHYSOPT-BUS-SKEW-PB" Name="display_hola_ian_bus_skew_postroute_physopted.pb"/>
  <File Type="BG-BIT" Name="display_hola_ian.bit"/>
  <File Type="BG-DRC" Name="display_hola_ian.drc"/>
  <File Type="BG-BGN" Name="display_hola_ian.bgn"/>
  <File Type="BG-BIN" Name="display_hola_ian.bin"/>
  <File Type="BITSTR-RBT" Name="display_hola_ian.rbt"/>
  <File Type="BITSTR-NKY" Name="display_hola_ian.nky"/>
  <File Type="BITSTR-BMM" Name="display_hola_ian_bd.bmm"/>
  <File Type="BITSTR-MMI" Name="display_hola_ian.mmi"/>
  <File Type="ROUTE-METHODOLOGY-DRC" Name="display_hola_ian_methodology_drc_routed.rpt"/>
  <File Type="BITSTR-SYSDEF" Name="display_hola_ian.sysdef"/>
  <File Type="BITSTR-LTX" Name="debug_nets.ltx"/>
  <File Type="BITSTR-LTX" Name="display_hola_ian.ltx"/>
  <File Type="WBT-USG" Name="usage_statistics_webtalk.html"/>
  <File Type="OPT-DRC" Name="display_hola_ian_drc_opted.rpt"/>
  <File Type="OPT-HWDEF" Name="display_hola_ian.hwdef"/>
  <File Type="PLACE-IO" Name="display_hola_ian_io_placed.rpt"/>
  <File Type="PLACE-UTIL" Name="display_hola_ian_utilization_placed.rpt"/>
  <File Type="PLACE-UTIL-PB" Name="display_hola_ian_utilization_placed.pb"/>
  <File Type="PLACE-CTRL" Name="display_hola_ian_control_sets_placed.rpt"/>
  <File Type="PLACE-PRE-SIMILARITY" Name="display_hola_ian_incremental_reuse_pre_placed.rpt"/>
  <File Type="ROUTE-DRC" Name="display_hola_ian_drc_routed.rpt"/>
  <File Type="ROUTE-DRC-PB" Name="display_hola_ian_drc_routed.pb"/>
  <File Type="ROUTE-PWR-RPX" Name="display_hola_ian_power_routed.rpx"/>
  <File Type="ROUTE-STATUS" Name="display_hola_ian_route_status.rpt"/>
  <File Type="ROUTE-STATUS-PB" Name="display_hola_ian_route_status.pb"/>
  <File Type="ROUTE-DCP" Name="display_hola_ian_routed.dcp"/>
  <File Type="ROUTE-ERROR-DCP" Name="display_hola_ian_routed_error.dcp"/>
  <File Type="ROUTE-BLACKBOX-DCP" Name="display_hola_ian_routed_bb.dcp"/>
  <File Type="ROUTE-TIMINGSUMMARY" Name="display_hola_ian_timing_summary_routed.rpt"/>
  <File Type="ROUTE-TIMING-PB" Name="display_hola_ian_timing_summary_routed.pb"/>
  <File Type="ROUTE-TIMING-RPX" Name="display_hola_ian_timing_summary_routed.rpx"/>
  <File Type="ROUTE-SIMILARITY" Name="display_hola_ian_incremental_reuse_routed.rpt"/>
  <File Type="ROUTE-BUS-SKEW" Name="display_hola_ian_bus_skew_routed.rpt"/>
  <File Type="ROUTE-BUS-SKEW-PB" Name="display_hola_ian_bus_skew_routed.pb"/>
  <File Type="ROUTE-BUS-SKEW-RPX" Name="display_hola_ian_bus_skew_routed.rpx"/>
  <File Type="OPT-DCP" Name="display_hola_ian_opt.dcp"/>
  <File Type="PLACE-DCP" Name="display_hola_ian_placed.dcp"/>
  <File Type="PWROPT-DCP" Name="display_hola_ian_pwropt.dcp"/>
  <File Type="POSTPLACE-PWROPT-DCP" Name="display_hola_ian_postplace_pwropt.dcp"/>
  <File Type="PHYSOPT-DCP" Name="display_hola_ian_physopt.dcp"/>
  <File Type="POSTROUTE-PHYSOPT-DCP" Name="display_hola_ian_postroute_physopt.dcp"/>
  <File Type="POSTROUTE-PHYSOPT-BLACKBOX-DCP" Name="display_hola_ian_postroute_physopt_bb.dcp"/>
  <File Type="POSTROUTE-PHYSOPT-TIMING" Name="display_hola_ian_timing_summary_postroute_physopted.rpt"/>
  <File Type="POSTROUTE-PHYSOPT-TIMING-PB" Name="display_hola_ian_timing_summary_postroute_physopted.pb"/>
  <File Type="POSTROUTE-PHYSOPT-TIMING-RPX" Name="display_hola_ian_timing_summary_postroute_physopted.rpx"/>
  <File Type="POSTROUTE-PHYSOPT-BUS-SKEW" Name="display_hola_ian_bus_skew_postroute_physopted.rpt"/>
  <File Type="POSTROUTE-PHYSOPT-BUS-SKEW-RPX" Name="display_hola_ian_bus_skew_postroute_physopted.rpx"/>
  <File Type="ROUTE-METHODOLOGY-DRC-PB" Name="display_hola_ian_methodology_drc_routed.pb"/>
  <File Type="ROUTE-DRC-RPX" Name="display_hola_ian_drc_routed.rpx"/>
  <File Type="ROUTE-METHODOLOGY-DRC-RPX" Name="display_hola_ian_methodology_drc_routed.rpx"/>
  <File Type="PDI-FILE" Name="display_hola_ian.pdi"/>
  <File Type="BOOT-PDI-FILE" Name="display_hola_ian_boot.pdi"/>
  <File Type="PL-PDI-FILE" Name="display_hola_ian_pld.pdi"/>
  <File Type="RCFI_FILE" Name="display_hola_ian.rcfi"/>
  <File Type="CFI_FILE" Name="display_hola_ian.cfi"/>
  <File Type="RNPI_FILE" Name="display_hola_ian.rnpi"/>
  <File Type="NPI_FILE" Name="display_hola_ian.npi"/>
  <File Type="RBD_FILE" Name="display_hola_ian.rbd"/>
  <File Type="ROUTE-RQS" Name="display_hola_ian_routed.rqs"/>
  <File Type="POSTROUTE-PHYSOPT-RQS" Name="display_hola_ian_postroute_physopted.rqs"/>
  <File Type="ROUTE-RQS-RPT" Name="route_report_qor_suggestions_0.rpt"/>
  <File Type="POSTROUTE-PHYSOPT-RQS-RPT" Name="postroute_physopt_report_qor_suggestions_0.rpt"/>
  <FileSet Name="sources" Type="DesignSrcs" RelSrcDir="$PSRCDIR/sources_1" RelGenDir="$PGENDIR/sources_1">
    <Filter Type="Srcs"/>
    <File Path="$PSRCDIR/sources_1/new/Codigo.vhd">
      <FileInfo>
        <Attr Name="UsedIn" Val="synthesis"/>
        <Attr Name="UsedIn" Val="simulation"/>
      </FileInfo>
    </File>
    <Config>
      <Option Name="DesignMode" Val="RTL"/>
      <Option Name="TopModule" Val="display_hola_ian"/>
      <Option Name="TopAutoSet" Val="TRUE"/>
    </Config>
  </FileSet>
  <FileSet Name="constrs_in" Type="Constrs" RelSrcDir="$PSRCDIR/constrs_1" RelGenDir="$PGENDIR/constrs_1">
    <Filter Type="Constrs"/>
    <File Path="$PSRCDIR/constrs_1/new/XDC.xdc">
      <FileInfo>
        <Attr Name="UsedIn" Val="synthesis"/>
        <Attr Name="UsedIn" Val="implementation"/>
      </FileInfo>
    </File>
    <Config>
      <Option Name="ConstrsType" Val="XDC"/>
    </Config>
  </FileSet>
  <FileSet Name="utils" Type="Utils" RelSrcDir="$PSRCDIR/utils_1" RelGenDir="$PGENDIR/utils_1">
    <Filter Type="Utils"/>
    <File Path="$PSRCDIR/utils_1/imports/synth_1/display_hola.dcp">
      <FileInfo>
        <Attr Name="UsedIn" Val="synthesis"/>
        <Attr Name="UsedIn" Val="implementation"/>
        <Attr Name="UsedInSteps" Val="synth_1"/>
        <Attr Name="AutoDcp" Val="1"/>
      </FileInfo>
    </File>
    <Config>
      <Option Name="TopAutoSet" Val="TRUE"/>
    </Config>
  </FileSet>
  <Strategy Version="1" Minor="2">
    <StratHandle Name="Vivado Implementation Defaults" Flow="Vivado Implementation 2023"/>
    <Step Id="init_design"/>
    <Step Id="opt_design"/>
    <Step Id="power_opt_design"/>
    <Step Id="place_design"/>
    <Step Id="post_place_power_opt_design"/>
    <Step Id="phys_opt_design"/>
    <Step Id="route_design"/>
    <Step Id="post_route_phys_opt_design"/>
    <Step Id="write_bitstream"/>
    <Step Id="write_device_image"/>
  </Strategy>
</GenRun>
